,Day +1,Day +2,Day +7,Day +28,Day +63
2022-08-13,-3.625946348901394,-5.629763594318575,9.303439160853927,28.101152453582102,1.2404591614435958
