,Day +1,Day +2,Day +7,Day +28,Day +63
2022-08-13,-0.7550960239220501,-1.1723869292713225,1.9374224666313573,5.852008398236855,0.2583231218872122
