,Day +1,Day +2,Day +7,Day +28,Day +63
2022-08-13,-0.7599983215332031,-1.1799983978271484,1.9500007629394531,5.89000129699707,0.26000022888183594
