,Day +1,Day +2,Day +7,Day +28,Day +63
2022-08-03,0.09999990463256836,0.4099998474121094,1.6499996185302734,0.9899997711181641,0.679999828338623
