,Day +1,Day +2,Day +7,Day +28,Day +63
2022-08-03,0.09945410266989452,0.40776205806385146,1.6409938796396784,0.984596327783807,0.6762883723898501
