,Day +1,Day +2,Day +7,Day +28,Day +63
2022-03-23,-0.14999961853027344,-0.2700004577636719,0.4500007629394531,-5.559999465942383,-11.300000190734863
