,Day +1,Day +2,Day +7,Day +28,Day +63
2022-03-23,-0.552281367352677,-0.9941106748179891,1.6568511246966438,-20.471279444694687,-41.60530285058732
