,Day +1,Day +2,Day +7,Day +28,Day +63
2022-11-03,0.056283483529036005,0.09380610408500978,-0.16885223980679775,-0.5534593241579735,0.30018096444777775
