,Day +1,Day +2,Day +7,Day +28,Day +63
2021-09-14,0.529998779296875,1.1999988555908203,-1.9100017547607422,-1.8900012969970703,3.979999542236328
