,Day +1,Day +2,Day +7,Day +28,Day +63
2021-09-14,1.9600545907989613,4.437865439944332,-7.063615717793667,-6.989649530343627,14.718932719972173
