,Day +1,Day +2,Day +7,Day +28,Day +63
2022-08-06,0.18912528435884823,0.3422258870534556,1.522007586411167,0.2611729299359631,-0.5493643711201113
