,Day +1,Day +2,Day +7,Day +28,Day +63
2022-08-06,1.5162457210321492,2.743676175453487,12.202162699175048,2.0938624827839334,-4.404336415526018
