,Day +1,Day +2,Day +7,Day +28,Day +63
2022-11-11,-0.16229401518080344,-0.15274800462772475,-0.2864012568158021,-0.019093841995152516,-0.9546702490896735
