,Day +1,Day +2,Day +7,Day +28,Day +63
2022-11-11,-1.444350634513441,-1.3593950285778078,-2.54885453752874,-0.16992741704167713,-8.496176390038997
