,Day +1,Day +2,Day +7,Day +28,Day +63
2022-11-11,-0.1700000762939453,-0.16000080108642578,-0.3000001907348633,-0.020000457763671875,-1.0
