,Day +1,Day +2,Day +7,Day +28,Day +63
2022-05-14,-0.18000030517578125,0.6999998092651367,1.2899999618530273,1.2199993133544922,1.919999122619629
