,Day +1,Day +2,Day +7,Day +28,Day +63
2022-05-14,-1.8423776534498018,7.164787886052608,13.20368374013674,12.487198118655442,19.65198600470805
