,Day +1,Day +2,Day +7,Day +28,Day +63
2021-08-06,-1.3812141960485746,-3.314914070516579,-5.8010996234040135,-14.364640811202776,-30.38673865766384
