,Day +1,Day +2,Day +7,Day +28,Day +63
2021-08-06,-0.09999990463256836,-0.23999977111816406,-0.4199995994567871,-1.0399999618530273,-2.1999998092651367
