,Day +1,Day +2,Day +7,Day +28,Day +63
2021-11-13,1.5518454417012322,-4.467429498508565,-8.135431892269281,-11.168587200412162,-17.070299858713582
