,Day +1,Day +2,Day +7,Day +28,Day +63
2021-11-13,0.6599998474121094,-1.8999977111816406,-3.4599990844726562,-4.75,-7.259998321533203
