,Day +1,Day +2,Day +7,Day +28,Day +63
2021-08-11,0.0,-0.4700002670288086,-0.9800004959106445,-0.4700002670288086,-0.039999961853027344
