,Day +1,Day +2,Day +7,Day +28,Day +63
2021-08-11,0.0,-4.963043862471508,-10.348473793846239,-4.963043862471508,-0.42238606890322217
