,Day +1,Day +2,Day +7,Day +28,Day +63
2021-11-10,1.9281355825671227,1.7090245173705796,-3.2865907538557337,6.134967735550873,-23.356704623072133
