,Day +1,Day +2,Day +7,Day +28,Day +63
2021-11-10,0.4400005340576172,0.3899993896484375,-0.75,1.3999996185302734,-5.329999923706055
