,Day +1,Day +2,Day +7,Day +28
SB,0.8928571428571429,4.357142857142857,6.5,15.464285714285714
