,Day +1,Day +2,Day +7,Day +28
SB,0.03714284726551601,0.12571427545377187,0.15571422768490656,0.394285686314106
