,Day +1,Day +2,Day +7,Day +28,Day +63
2021-07-31,2.794521802092248,-0.38355997163954214,3.9178090552761233,6.410959322158604,13.58903858759632
