,Day +1,Day +2,Day +7,Day +28,Day +63
2021-07-31,0.4843868349689977,-0.06648414785820478,0.6790911872211005,1.1112399598566043,2.3554482154296217
