,Day +1,Day +2,Day +7,Day +28,Day +63
2021-11-03,0.03203162525599801,-0.07207134774954138,0.08808677853044777,-0.3763721695286142,0.14414269549908454
