,Day +1,Day +2,Day +7,Day +28,Day +63
2022-05-07,-0.18581438065245948,-0.5388647164182139,-1.0219852958481042,2.016097637164968,-1.0870204176801757
