,Day +1,Day +2,Day +7,Day +28,Day +63
2022-05-07,-0.8576280369129137,-2.487135211390182,-4.71698282960898,9.30531777311974,-5.017153051479767
