,Day +1,Day +2,Day +7,Day +28,Day +63
2022-05-13,0.059999942779541016,-0.15000009536743164,0.26999998092651367,-0.9300003051757812,-0.7300000190734863
