,Day +1,Day +2,Day +7,Day +28,Day +63
2022-05-13,0.9917345601315333,-2.479340341131646,4.462809461394727,-15.371905386052859,-12.066115637342108
