,Day +1,Day +2,Day +7,Day +28,Day +63
2021-08-05,-0.07968921199227452,0.19922397995101804,1.0359597558995404,-3.552713678800501e-15,-2.350834603683065
