,Day +1,Day +2,Day +7,Day +28,Day +63
2021-08-05,-0.28653267724730824,0.7163351088572085,3.7249248042149645,-1.4210854715202004e-14,-8.45272422601235
