,Day +1,Day +2,Day +7,Day +28,Day +63
2021-11-06,-0.009999275207519531,-0.5799999237060547,-0.5999994277954102,-2.5799999237060547,-3.119999885559082
