,Day +1,Day +2,Day +7,Day +28,Day +63
2021-11-06,-0.09424387870951989,-5.466540456870234,-5.655037202737418,-24.31668244289122,-29.406220419578972
