,Day +1,Day +2,Day +7,Day +28,Day +63
2022-03-07,5.1480063880223526,17.824964677535647,18.918916265124167,32.68983841602673,-0.9009031123965343
