,Day +1,Day +2,Day +7,Day +28,Day +63
2022-03-07,0.8000001907348633,2.7699995040893555,2.939999580383301,5.080000877380371,-0.1400003433227539
