,Day +1,Day +2,Day +7,Day +28,Day +63
2022-07-29,0.3902435302734375,-2.8292679205173528,-2.0487808599704778,2.292679577338987,-12.390248368426072
