,Day +1,Day +2,Day +7,Day +28,Day +63
2022-07-29,0.07576221963245189,-0.5492765439137273,-0.3977521046488235,0.4451028145514293,-2.4054536343794943
