,Day +1,Day +2,Day +7,Day +28,Day +63
2021-11-13,0.12999916076660156,-0.3100013732910156,2.059999465942383,0.6299991607666016,-5.540000915527344
