,Day +1,Day +2,Day +7,Day +28,Day +63
2021-11-13,0.48255069855049726,-1.1507103457518895,7.646619989254006,2.338526905261773,-20.564219768754867
