,Day +1,Day +2,Day +7,Day +28,Day +63
2022-08-05,-0.04000091552734375,0.779998779296875,2.75,0.5,-1.8800010681152344
