,Day +1,Day +2,Day +7,Day +28,Day +63
2022-08-05,-0.1743719032087938,3.4001689674717284,11.987793966775385,2.1795989030500635,-8.195296531593854
