,Day +1,Day +2,Day +7,Day +28,Day +63
2022-03-01,2.237933323673033,8.95171082886543,10.600713739313278,34.04005207578621,-29.210831673670384
