,Day +1,Day +2,Day +7,Day +28,Day +63
2020-04-28,0.6298001147111876,0.3100553273608586,-0.474773375068521,-0.9689238220404519,1.5405881008525952
