,Day +1,Day +2,Day +7,Day +28,Day +63
2020-04-28,4.779408825722612,2.3529388665328526,-3.6029464047671382,-7.3529409702261574,11.691170252318386
