,Day +1,Day +2,Day +7,Day +28,Day +63
2020-07-28,0.3365883020911582,1.6156225660600114,-0.908780069791888,6.2268611190789045,-9.458093411423135
