,Day +1,Day +2,Day +7,Day +28,Day +63
2020-07-28,0.09036056203832388,0.4337303530870926,-0.24397127697380228,1.6716643655137453,-2.5391216247191934
