,Day +1,Day +2,Day +7,Day +28,Day +63
2022-08-19,-1.068089801745245,-0.40053049249576134,-1.4686202942410063,-7.476634978534051,-29.63951746369989
