,Day +1,Day +2,Day +7,Day +28,Day +63
2022-08-19,-0.07999992370605469,-0.029999732971191406,-0.1099996566772461,-0.559999942779541,-2.2199997901916504
