,Day +1,Day +2,Day +7,Day +28,Day +63
2020-05-01,-0.3111467550006033,1.1268591967392076,0.8493491918088054,0.8913971343528075,1.7155175606352167
