,Day +1,Day +2,Day +7,Day +28,Day +63
2020-05-01,-1.729775326986811,6.264610522786512,4.72183383684721,4.955593284420544,9.537171452723797
