,Day +1,Day +2,Day +7,Day +28,Day +63
2021-08-17,0.2885261910860635,10.819672131147541,29.554103163422127,20.613113153176215,18.79671690893956
