,Day +1,Day +2,Day +7,Day +28,Day +63
2021-08-17,0.8800048828125,33.0,90.1400146484375,62.8699951171875,57.329986572265625
