,Day +1,Day +2,Day +7,Day +28,Day +63
2021-08-05,0.7699966430664062,2.1399993896484375,-0.660003662109375,1.2099990844726562,-7.480003356933594
