,Day +1,Day +2,Day +7,Day +28,Day +63
2021-08-05,0.8834288787451499,2.455253900567172,-0.7572322560563407,1.388250382782715,-8.581921802035595
