,Day +1,Day +2,Day +7,Day +28,Day +63
2021-07-31,1.4599990844726562,-0.4400005340576172,-1.640000343322754,-2.2400007247924805,3.3899993896484375
