,Day +1,Day +2,Day +7,Day +28,Day +63
2021-07-31,8.37155412708563,-2.5229387648146258,-9.403671405399834,-12.844040459850376,19.438069299529516
