,Day +1,Day +2,Day +7,Day +28,Day +63
2022-11-12,-0.13000106811523438,0.4499988555908203,-0.26000022888183594,-3.1100006103515625,3.739999771118164
