,Day +1,Day +2,Day +7,Day +28,Day +63
2022-11-12,-0.4426321566241711,1.5321717491737274,-0.8852578190413993,-10.58903820730275,12.734081253828734
