,Day +1,Day +2,Day +7,Day +28,Day +63
2022-03-01,0.35252329217779277,1.9976506665297933,-8.225620061989943,-12.808462083098092,-22.4441865203126
