,Day +1,Day +2,Day +7,Day +28,Day +63
2022-03-01,0.029999732971191406,0.1700000762939453,-0.7000002861022949,-1.0900001525878906,-1.9100003242492676
