,Day +1,Day +2,Day +7,Day +28,Day +63
2021-08-16,-0.17000198364257812,-2.3600006103515625,-1.69000244140625,-5.75,-9.19000244140625
