,Day +1,Day +2,Day +7,Day +28,Day +63
2021-08-16,-0.16678981043632746,-2.31540859698282,-1.6580699871815128,-5.641354232814351,-9.016358116939365
