,Day +1,Day +2,Day +7,Day +28,Day +63
2021-08-16,-0.3409586473355972,-4.733254274893852,-3.389495428637005,-11.53229027198654,-18.4316131747064
