,Day +1,Day +2,Day +7,Day +28,Day +63
2021-08-16,-0.16678979742978584,-2.3154084164235016,-1.6580698578825306,-5.641353792892389,-9.016357413829127
